{"train/gmm_loss":0.5964110493659973,"_wandb":{"runtime":1368},"_step":19999,"train/iteration":19999,"train/gmm_fm_loss":0.26526737213134766,"train/vf_grad_norm":3.580829381942749,"_runtime":1368,"train/gmm_geodesic_loss":66.22872924804688,"train/gmm_grad_norm":0.20949329435825348,"_timestamp":1.7730811168319418e+09,"train/gmm_active":0,"train/loss":0.4893023669719696}