{"_timestamp":1.773255432519924e+09,"_step":34999,"train/vf_grad_norm":0.46066904067993164,"train/loss":0.9556702971458435,"_wandb":{"runtime":682},"_runtime":682,"train/iteration":34999}