{"train/loss":0.2477380484342575,"train/gmm_grad_norm":0.3275274634361267,"train/gmm_geodesic_loss":56.510047912597656,"_runtime":872,"_step":19999,"train/gmm_fm_loss":0.27492839097976685,"train/iteration":19999,"train/gmm_active":0,"train/gmm_loss":0.557478666305542,"_timestamp":1.773002866655877e+09,"_wandb":{"runtime":872},"train/vf_grad_norm":0.48649439215660095}