{"train/vf_grad_norm":0.47162488102912903,"train/loss":1.0013556480407715,"train/iteration":14999,"_wandb":{"runtime":290},"_runtime":290,"_timestamp":1.772895819631375e+09,"_step":14999}