{"train/gmm_geodesic_loss":48.70692825317383,"_runtime":1307,"train/loss":0.6659146547317505,"train/gmm_source_match_loss":0.0820770263671875,"train/gmm_grad_norm":0.12630048394203186,"_step":29999,"train/gmm_loss":1.0892274379730225,"_wandb":{"runtime":1307},"train/vf_grad_norm":0.18068930506706238,"train/gmm_active":0,"_timestamp":1.7731825851329348e+09,"train/iteration":29999,"train/gmm_fm_loss":0.6815387010574341}