{"train/iteration":34999,"_timestamp":1.7732704590754418e+09,"_step":34999,"train/vf_grad_norm":0.46066904067993164,"train/loss":0.9556702971458435,"_wandb":{"runtime":792},"_runtime":792}