{"_runtime":650,"train/vf_grad_norm":0.5070263743400574,"train/loss":1.0109564065933228,"train/iteration":29999,"_timestamp":1.773216771956405e+09,"_step":29999,"_wandb":{"runtime":650}}