{"train/gmm_source_match_loss":0.08762073516845703,"_wandb":{"runtime":1943},"train/loss":0.6767846345901489,"train/iteration":34999,"train/gmm_loss":1.2503830194473267,"train/gmm_fm_loss":0.6333297491073608,"_runtime":1943,"_timestamp":1.773274559506164e+09,"train/vf_grad_norm":0.34628596901893616,"_step":34999,"train/gmm_geodesic_loss":88.36237335205078,"train/gmm_grad_norm":0.11884711682796478,"train/gmm_active":0}