{"train/vf_grad_norm":0.46066904067993164,"train/loss":0.9556702971458435,"_runtime":782,"_wandb":{"runtime":782},"train/iteration":34999,"_timestamp":1.77324043480796e+09,"_step":34999}