{"_step":34999,"_wandb":{"runtime":1637},"train/gmm_active":0,"train/gmm_source_match_loss":0.09178638458251953,"_runtime":1637,"train/vf_grad_norm":0.3352087140083313,"train/gmm_geodesic_loss":85.37816619873047,"train/loss":0.7064762711524963,"train/iteration":34999,"_timestamp":1.7732589827988522e+09,"train/gmm_fm_loss":0.6449831128120422,"train/gmm_loss":1.2095534801483154,"train/gmm_grad_norm":0.10710923373699188}