{"train/gmm_fm_loss":0.6187984347343445,"train/gmm_geodesic_loss":70.91481018066406,"_step":29999,"train/vf_grad_norm":0.45502930879592896,"train/gmm_loss":0.8839872479438782,"_runtime":1648,"train/iteration":29999,"_wandb":{"runtime":1648},"train/gmm_grad_norm":0.09242530912160873,"train/gmm_source_match_loss":0.12335920333862305,"_timestamp":1.773222013014508e+09,"train/loss":0.6768184304237366,"train/gmm_active":0}