{"_wandb":{"runtime":34},"_runtime":34,"_step":4999,"train/vf_grad_norm":0.9145639538764954,"train/loss":1.3351538181304932,"train/iteration":4999,"_timestamp":1.772893469375956e+09}