{"_wandb":{"runtime":818},"_runtime":818,"train/loss":0.9556702971458435,"train/iteration":34999,"_timestamp":1.773302861681994e+09,"_step":34999,"train/vf_grad_norm":0.46066904067993164}