{"train/gmm_active":0,"_step":19999,"train/gmm_loss":0.5321791417776062,"train/gmm_grad_norm":0.30383846163749695,"_runtime":1269,"_timestamp":1.773054370447667e+09,"train/vf_grad_norm":0.15180601179599762,"train/loss":0.43607346865485924,"train/iteration":19999,"train/gmm_fm_loss":0.42348122868826893,"_wandb":{"runtime":1269},"train/gmm_geodesic_loss":21.73958261786744}