{"_timestamp":1.773184332823083e+09,"_step":29999,"train/vf_grad_norm":0.5070263743400574,"train/loss":1.0109564065933228,"train/iteration":29999,"_wandb":{"runtime":699},"_runtime":699}