{"train/iteration":29999,"train/gmm_fm_loss":0.5516930222511292,"train/gmm_grad_norm":0.15754327178001404,"train/loss":0.7350837588310242,"_wandb":{"runtime":1616},"_runtime":1616,"_step":29999,"train/vf_grad_norm":0.45771101117134094,"train/gmm_geodesic_loss":78.32584381103516,"train/gmm_loss":1.1829442977905273,"train/gmm_source_match_loss":0.1198110580444336,"train/gmm_active":0,"_timestamp":1.7731893239853408e+09}