{"_wandb":{"runtime":485},"_runtime":485,"_step":19999,"train/vf_grad_norm":0.4726713001728058,"train/loss":0.9511392116546631,"train/iteration":19999,"_timestamp":1.773078478778791e+09}