{"train/gmm_fm_loss":0.6261577606201172,"train/gmm_geodesic_loss":74.52877044677734,"_wandb":{"runtime":2032},"_timestamp":1.773246777920416e+09,"train/gmm_active":0,"train/gmm_grad_norm":0.15325073897838593,"train/iteration":34999,"_runtime":2032,"_step":34999,"train/gmm_source_match_loss":0.10768842697143555,"train/vf_grad_norm":0.43228960037231445,"train/loss":0.6488322019577026,"train/gmm_loss":1.2141785621643066}