{"train/gmm_grad_norm":0.10295680910348892,"_step":29999,"train/iteration":29999,"train/gmm_fm_loss":0.5884549959105843,"train/gmm_loss":1.2293048332113927,"_wandb":{"runtime":2463},"train/gmm_geodesic_loss":45.670841603490054,"train/vf_grad_norm":0.15820761024951935,"_runtime":2463,"train/loss":0.6005338438063792,"train/gmm_source_match_loss":0.18414142126590782,"_timestamp":1.7731024520010188e+09,"train/gmm_active":0}