{"_step":19999,"train/vf_grad_norm":0.19213120639324188,"_runtime":626,"_wandb":{"runtime":626},"train/loss":0.822773038112671,"train/iteration":19999,"_timestamp":1.773052260489984e+09}