{"train/vf_grad_norm":0.358171671628952,"train/loss":0.8352494746118477,"train/iteration":19999,"_wandb":{"runtime":639},"_runtime":639,"_timestamp":1.773049589325391e+09,"_step":19999}