{"_wandb":{"runtime":567},"_runtime":567,"train/vf_grad_norm":0.18963102996349335,"train/loss":0.7727351784706116,"train/iteration":29999,"_timestamp":1.773181115364448e+09,"_step":29999}