{"_timestamp":1.772999739694188e+09,"_step":19999,"train/vf_grad_norm":0.43408432602882385,"train/loss":0.9592483043670654,"train/iteration":19999,"_wandb":{"runtime":378},"_runtime":378}