{"_timestamp":1.773098706889743e+09,"_wandb":{"runtime":1093},"_runtime":1093,"_step":29999,"train/vf_grad_norm":0.17913343012332916,"train/loss":0.7700329902095977,"train/iteration":29999}